-- phpMyAdmin SQL Dump
-- version 5.2.1
-- https://www.phpmyadmin.net/
--
-- Host: localhost
-- Generation Time: Sep 09, 2025 at 03:31 PM
-- Server version: 10.4.28-MariaDB
-- PHP Version: 8.0.28

SET SQL_MODE = "NO_AUTO_VALUE_ON_ZERO";
START TRANSACTION;
SET time_zone = "+00:00";


/*!40101 SET @OLD_CHARACTER_SET_CLIENT=@@CHARACTER_SET_CLIENT */;
/*!40101 SET @OLD_CHARACTER_SET_RESULTS=@@CHARACTER_SET_RESULTS */;
/*!40101 SET @OLD_COLLATION_CONNECTION=@@COLLATION_CONNECTION */;
/*!40101 SET NAMES utf8mb4 */;

--
-- Database: `nutritrack`
--

-- --------------------------------------------------------

--
-- Table structure for table `tbl_announcements`
--

CREATE TABLE `tbl_announcements` (
  `announcement_id` int(11) NOT NULL,
  `title` varchar(50) NOT NULL,
  `user_id` int(11) DEFAULT NULL,
  `zone_id` int(11) DEFAULT NULL,
  `content` text NOT NULL,
  `img_content` varchar(255) DEFAULT NULL,
  `post_date` datetime DEFAULT current_timestamp()
) ENGINE=InnoDB DEFAULT CHARSET=utf8mb4 COLLATE=utf8mb4_general_ci;

--
-- Dumping data for table `tbl_announcements`
--

INSERT INTO `tbl_announcements` (`announcement_id`, `title`, `user_id`, `zone_id`, `content`, `img_content`, `post_date`) VALUES
(1, 'Announcement', 1001, 1, 'Reminder: Monthly nutrition monitoring scheduled for February 15, 2024. All parents are encouraged to bring their children.', 'anc-1.png', '2024-02-10 08:00:00'),
(2, 'Announcement', 1002, 2, 'Vaccination drive on February 20, 2024. Please bring vaccination cards and birth certificates.', 'anc-1.png', '2024-02-15 10:30:00'),
(3, 'Announcement', 1003, 3, 'Health education seminar for parents on February 25, 2024 at 2:00 PM. Topics include proper nutrition for children.', 'anc-1.png', '2024-02-20 14:15:00'),
(4, 'Announcement', 1001, NULL, 'New feeding program launching March 1, 2024. Malnourished children will receive supplementary nutrition.', 'anc-1.png', '2024-02-25 09:45:00'),
(5, 'Announcement', 1005, 5, 'Growth monitoring session on March 10, 2024. Early detection of malnutrition is crucial for child development.', 'anc-1.png', '2024-03-05 11:20:00'),
(6, 'Announcement', 1007, 7, 'Community Health Fair on March 20, 2024. Free consultations and health screening available.', 'anc-1.png', '2024-03-15 16:30:00'),
(7, 'Announcement', 1000, 8, 'Catch-up immunization program for children with incomplete vaccines. Schedule: March 25, 2024', 'announcement_7_1757058418.png', '2025-09-05 16:02:47');

-- --------------------------------------------------------

--
-- Table structure for table `tbl_audit_log`
--

CREATE TABLE `tbl_audit_log` (
  `log_id` int(11) NOT NULL,
  `user_id` int(11) DEFAULT NULL,
  `activity_type` varchar(100) NOT NULL,
  `log_date` datetime DEFAULT current_timestamp()
) ENGINE=InnoDB DEFAULT CHARSET=utf8mb4 COLLATE=utf8mb4_general_ci;

--
-- Dumping data for table `tbl_audit_log`
--

INSERT INTO `tbl_audit_log` (`log_id`, `user_id`, `activity_type`, `log_date`) VALUES
(1, 1001, 'Login', '2024-01-15 08:00:00'),
(2, 1002, 'Child Registration', '2024-01-15 08:30:00'),
(3, 1002, 'Nutrition Record Entry', '2024-01-20 09:00:00'),
(4, 1003, 'Child Registration', '2024-01-16 10:00:00'),
(5, 1001, 'Report Generation', '2024-01-25 10:00:00'),
(6, 1005, 'Vaccine Administration', '2024-01-21 11:00:00'),
(7, 1007, 'Event Creation', '2024-02-01 09:30:00'),
(8, 1001, 'Announcement Post', '2024-02-10 08:00:00'),
(9, 1002, 'Data Update', '2024-02-15 14:20:00'),
(10, 1003, 'System Access', '2024-02-20 07:45:00'),
(11, 1005, 'Record Flagging', '2024-01-22 12:00:00'),
(12, 1001, 'User Management', '2024-02-25 16:15:00'),
(13, 1007, 'Logout', '2024-02-28 17:30:00'),
(20, 1000, 'Updated announcement with ID: 7', '2025-09-05 09:46:58'),
(21, 1000, 'Updated announcement with ID: 7', '2025-09-05 09:48:10'),
(22, 1000, 'Created new announcement with ID: 8', '2025-09-05 09:56:38'),
(23, 1000, 'Updated announcement with ID: 7', '2025-09-05 09:57:22'),
(24, 1000, 'Updated announcement with ID: 7', '2025-09-05 09:57:29'),
(25, 1000, 'Updated announcement with ID: 7', '2025-09-05 16:00:56'),
(26, 1000, 'Updated announcement with ID: 7', '2025-09-05 16:02:47'),
(27, 1000, 'Updated announcement with ID: 8', '2025-09-05 16:02:58'),
(28, 1000, 'Deleted Announcement ID 8', '2025-09-05 16:05:34'),
(29, 1000, 'Updated Event ID 3', '2025-09-05 19:08:16'),
(30, 1000, 'Updated Event ID 3', '2025-09-05 19:08:32'),
(31, 1000, 'Updated Event ID 3', '2025-09-05 19:09:15'),
(32, 1000, 'Added Event ID 9', '2025-09-05 19:18:15'),
(33, 1000, 'Updated Event ID 9', '2025-09-05 19:20:21'),
(34, 1000, 'Deleted Event ID 9', '2025-09-05 19:21:36'),
(35, 1000, 'Added Event ID 10', '2025-09-05 19:21:53'),
(36, 1000, 'Added Event ID 11', '2025-09-05 19:22:14'),
(37, 1000, 'Added Event ID 12', '2025-09-05 19:23:07'),
(38, 1000, 'Added Event ID 13', '2025-09-05 19:24:15'),
(39, 1000, 'Deleted Event ID 11', '2025-09-05 19:24:32'),
(40, 1000, 'Deleted Event ID 13', '2025-09-05 19:24:36'),
(41, 1000, 'Deleted Event ID 10', '2025-09-05 19:24:39'),
(42, 1000, 'Deleted Event ID 12', '2025-09-05 19:24:43'),
(43, 1000, 'Added Event ID 14', '2025-09-05 19:37:44'),
(44, 1000, 'Deleted Event ID 14', '2025-09-05 19:38:15'),
(45, 1000, 'Added Event ID 15', '2025-09-05 19:38:28'),
(46, 1000, 'Deleted Event ID 15', '2025-09-05 19:38:39'),
(47, 1000, 'Added Module ID 5', '2025-09-05 21:12:21'),
(48, 1000, 'Added Module ID 6', '2025-09-05 21:13:05'),
(49, 1000, 'Added Module ID 7', '2025-09-05 21:13:25'),
(50, 1000, 'Updated module with ID: 7', '2025-09-05 21:43:46'),
(51, 1000, 'Updated module with ID: 6', '2025-09-05 21:44:38'),
(52, 1000, 'Updated module with ID: 6', '2025-09-05 21:46:26'),
(53, 1000, 'Updated module with ID: 7', '2025-09-05 21:46:30'),
(54, 1000, 'Updated module with ID: 7', '2025-09-05 21:46:50'),
(55, 1000, 'Updated module with ID: 7', '2025-09-05 21:46:59'),
(56, 1000, 'Deleted module with ID: 7', '2025-09-05 15:50:33'),
(57, 1000, 'Deleted module with ID: 6', '2025-09-05 15:50:36'),
(58, 1000, 'Deleted module with ID: 5', '2025-09-05 15:50:38'),
(59, 1000, 'Created new user with ID: 1009', '2025-09-06 23:45:46'),
(60, 1000, 'Updated user with ID: 1009', '2025-09-06 23:57:36'),
(61, 1000, 'Updated user with ID: 1009', '2025-09-07 00:00:41'),
(62, 1000, 'Updated user with ID: 1009', '2025-09-07 00:00:59'),
(63, 1000, 'Deactivated user with ID: 1009', '2025-09-07 00:02:49'),
(64, 1000, 'Added Module ID 8', '2025-09-07 11:56:13'),
(65, 1000, 'Updated nutrition record with ID: 243', '2025-09-07 21:04:47'),
(66, 1000, 'Updated nutrition record with ID: 243', '2025-09-07 21:12:10'),
(67, 1000, 'Added nutrition record for child ID: 11', '2025-09-07 21:17:39'),
(68, 1000, 'Deleted nutrition record with ID: 381', '2025-09-07 21:20:56'),
(69, 1000, 'Deleted nutrition record with ID: 243', '2025-09-07 21:21:24'),
(70, 1000, 'Added nutrition record for child ID: 10', '2025-09-07 21:22:17'),
(71, 1000, 'Deleted nutrition record with ID: 382', '2025-09-07 21:22:29'),
(72, 1000, 'Added nutrition record for child ID: 10', '2025-09-07 21:23:00'),
(73, 1000, 'Deleted nutrition record with ID: 383', '2025-09-07 21:23:08'),
(74, 1000, 'Deleted nutrition record with ID: 242', '2025-09-07 21:23:43'),
(75, 1000, 'Added nutrition record for child ID: 11', '2025-09-07 21:24:17'),
(76, 1000, 'Deleted nutrition record with ID: 384', '2025-09-07 21:24:26'),
(77, 1000, 'Added nutrition record for child ID: 9', '2025-09-07 21:26:36'),
(78, 1000, 'Updated nutrition record with ID: 385', '2025-09-07 21:26:50'),
(79, 1000, 'Updated nutrition record with ID: 385', '2025-09-07 21:27:02'),
(80, 1000, 'Deleted nutrition record with ID: 385', '2025-09-07 21:27:12'),
(81, 1000, 'Updated child details for child ID: 9', '2025-09-07 22:02:05'),
(82, 1000, 'Updated child details for child ID: 9', '2025-09-07 22:03:04'),
(83, 1000, 'Updated child details for child ID: 9', '2025-09-07 22:03:20'),
(84, 1000, 'Updated flagged record with ID: 6', '2025-09-07 23:00:47'),
(85, 1000, 'Updated flagged record with ID: 6', '2025-09-07 23:01:05'),
(86, 1000, 'Updated flagged record with ID: 6', '2025-09-07 23:01:17'),
(87, 1000, 'Deleted flagged record with ID: 6', '2025-09-07 23:03:11'),
(88, 1000, 'Added flagged record with ID: 7 for child ID: 4', '2025-09-07 23:04:04'),
(89, 1000, 'Deleted flagged record with ID: 7', '2025-09-07 23:04:09'),
(90, 1000, 'Added flagged record with ID: 8 for child ID: 4', '2025-09-07 23:05:18'),
(91, 1000, 'Deleted flagged record with ID: 8', '2025-09-07 23:05:24'),
(92, 1000, 'Generated report with ID: 9 for child ID: 11', '2025-09-08 15:22:10'),
(93, 1000, 'Deleted report with ID: 9', '2025-09-08 15:44:47'),
(94, 1000, 'Updated vaccine record with ID: 12', '2025-09-08 17:23:03'),
(95, 1000, 'Updated vaccine record with ID: 12', '2025-09-08 17:23:23'),
(96, 1000, 'Updated vaccine record with ID: 12', '2025-09-08 17:23:42'),
(97, 1000, 'Deleted vaccine record with ID: 12', '2025-09-08 17:23:53'),
(98, 1000, 'Added vaccine record with ID: 17 for child ID: 3', '2025-09-08 17:24:33'),
(99, 1000, 'Updated report with ID: 7', '2025-09-08 17:32:15'),
(100, 1000, 'Updated report with ID: 7', '2025-09-08 17:32:35'),
(101, 1000, 'Deleted vaccine record with ID: 17', '2025-09-08 17:34:11'),
(102, 1000, 'Added nutrition record for child ID: 13', '2025-09-08 18:42:20'),
(103, 1000, 'Deleted nutrition record with ID: 386', '2025-09-08 18:42:31'),
(104, 1000, 'Added vaccine record with ID: 18 for child ID: 13', '2025-09-08 18:43:04'),
(105, 1000, 'Deleted vaccine record with ID: 18', '2025-09-08 18:43:41'),
(106, 1000, 'User logged in', '2025-09-08 20:02:59'),
(107, 1000, 'User logged in', '2025-09-08 20:22:50'),
(108, 1000, 'User logged in', '2025-09-08 21:11:24'),
(109, 1000, 'User logged in', '2025-09-08 21:18:29'),
(110, 1000, 'User logged in', '2025-09-08 21:28:23'),
(111, 1000, 'User logged in', '2025-09-08 22:13:01'),
(112, 1000, 'Deleted module with ID: 8', '2025-09-08 16:13:12');

-- --------------------------------------------------------

--
-- Table structure for table `tbl_barangay`
--

CREATE TABLE `tbl_barangay` (
  `zone_id` int(11) NOT NULL,
  `zone_name` varchar(60) NOT NULL,
  `purok_number` varchar(50) NOT NULL
) ENGINE=InnoDB DEFAULT CHARSET=utf8mb4 COLLATE=utf8mb4_general_ci;

--
-- Dumping data for table `tbl_barangay`
--

INSERT INTO `tbl_barangay` (`zone_id`, `zone_name`, `purok_number`) VALUES
(1, 'Minuya Proper1', 'Purok 1'),
(2, 'Minuya Proper2', 'Purok 2'),
(3, 'Minuya Proper2', 'Purok 3'),
(4, 'Minuya Proper3', 'Purok 4'),
(5, 'Minuya Proper4', 'Purok 5'),
(6, 'Minuya Proper5', 'Purok 6'),
(7, 'Minuya Proper6', 'Purok 7'),
(8, 'Minuya Proper7', 'Purok 8');

-- --------------------------------------------------------

--
-- Table structure for table `tbl_child`
--

CREATE TABLE `tbl_child` (
  `child_id` int(11) NOT NULL,
  `zone_id` int(11) DEFAULT NULL,
  `registered_by` int(11) DEFAULT NULL,
  `first_name` varchar(100) NOT NULL,
  `last_name` varchar(100) NOT NULL,
  `birthdate` date NOT NULL,
  `gender` varchar(30) DEFAULT NULL,
  `created_at` timestamp NOT NULL DEFAULT current_timestamp()
) ENGINE=InnoDB DEFAULT CHARSET=utf8mb4 COLLATE=utf8mb4_general_ci;

--
-- Dumping data for table `tbl_child`
--

INSERT INTO `tbl_child` (`child_id`, `zone_id`, `registered_by`, `first_name`, `last_name`, `birthdate`, `gender`, `created_at`) VALUES
(1, 1, 1000, 'Ivan', 'Inocencio', '2016-04-02', 'Male', '2025-09-02 15:12:05'),
(2, 1, 1002, 'Miguel', 'Santos', '2020-03-15', 'Male', '2024-01-15 00:30:00'),
(3, 1, 1002, 'Sofia', 'Garcia', '2019-07-22', 'Female', '2024-01-15 01:15:00'),
(4, 2, 1003, 'Carlos', 'Rodriguez', '2021-01-10', 'Male', '2024-01-16 02:00:00'),
(5, 3, 1005, 'Isabella', 'Martinez', '2020-11-05', 'Female', '2024-01-16 03:30:00'),
(6, 3, 1005, 'Diego', 'Lopez', '2018-09-18', 'Male', '2024-01-17 00:45:00'),
(7, 4, 1007, 'Valentina', 'Hernandez', '2021-05-30', 'Female', '2024-01-17 06:20:00'),
(8, 5, 1002, 'Sebastian', 'Gonzalez', '2019-12-12', 'Male', '2024-01-18 01:30:00'),
(9, 2, 1003, 'Camila', 'Perez', '2020-08-07', 'Female', '2024-01-18 07:45:00'),
(10, 7, 1005, 'Mateo', 'Torres', '2021-02-28', 'Male', '2024-01-19 02:15:00'),
(11, 8, 1007, 'Lucia', 'Flores', '2019-04-14', 'Female', '2024-01-19 05:00:00'),
(13, 1, 1000, 'jc', 'david', '2001-04-21', 'Male', '2025-09-08 10:15:49');

-- --------------------------------------------------------

--
-- Table structure for table `tbl_events`
--

CREATE TABLE `tbl_events` (
  `event_id` int(11) NOT NULL,
  `zone_id` int(11) DEFAULT NULL,
  `title` varchar(100) DEFAULT NULL,
  `description` text NOT NULL,
  `event_date` datetime DEFAULT NULL
) ENGINE=InnoDB DEFAULT CHARSET=utf8mb4 COLLATE=utf8mb4_general_ci;

--
-- Dumping data for table `tbl_events`
--

INSERT INTO `tbl_events` (`event_id`, `zone_id`, `title`, `description`, `event_date`) VALUES
(1, 1, 'Nutrition Monitoring Day', 'Monthly nutrition assessment and monitoring for all children in Purok 1', '2025-10-15 08:00:00'),
(2, 2, 'Vaccination Drive', 'Complete vaccination program for children aged 0-5 years', '2025-10-20 09:00:00'),
(3, 1, 'Health Education Seminar', 'Seminar on proper nutrition and child care for parents.', '2025-11-25 14:00:00'),
(4, 4, 'Feeding Program Launch', 'Launch of supplementary feeding program for malnourished children', '2024-03-01 10:00:00'),
(5, 5, 'Growth Monitoring', 'Regular growth monitoring and assessment session', '2024-03-10 08:30:00'),
(6, 1, 'Parent Education Workshop', 'Workshop on identifying malnutrition signs in children', '2024-03-15 13:00:00'),
(7, 7, 'Community Health Fair', 'Health fair with free check-ups and consultations', '2024-03-20 07:00:00'),
(8, 8, 'Immunization Catch-up', 'Catch-up immunization for children with incomplete vaccines', '2024-03-25 09:30:00');

-- --------------------------------------------------------

--
-- Table structure for table `tbl_flagged_record`
--

CREATE TABLE `tbl_flagged_record` (
  `flagged_id` int(11) NOT NULL,
  `child_id` int(11) DEFAULT NULL,
  `issue_type` varchar(100) DEFAULT NULL,
  `description` text DEFAULT NULL,
  `resolution_notes` text DEFAULT NULL,
  `resolution_date` datetime DEFAULT current_timestamp(),
  `date_flagged` datetime DEFAULT current_timestamp(),
  `flagged_status` varchar(100) DEFAULT NULL
) ENGINE=InnoDB DEFAULT CHARSET=utf8mb4 COLLATE=utf8mb4_general_ci;

--
-- Dumping data for table `tbl_flagged_record`
--

INSERT INTO `tbl_flagged_record` (`flagged_id`, `child_id`, `issue_type`, `description`, `resolution_notes`, `resolution_date`, `date_flagged`, `flagged_status`) VALUES
(1, 1, 'Underweight', NULL, NULL, '2025-09-07 22:35:18', '2024-01-21 10:00:00', 'Active'),
(2, 2, 'Overweight', NULL, NULL, '2025-09-07 22:35:18', '2025-01-22 12:00:00', 'Active'),
(3, 3, 'Underweight', NULL, NULL, '2025-09-07 22:35:18', '2025-01-22 16:00:00', 'Under Review'),
(4, 4, 'Severely Underweight', NULL, NULL, '2025-09-07 22:35:18', '2024-01-24 11:00:00', 'Active'),
(5, 5, 'Incomplete Vaccination', NULL, NULL, '2025-09-07 22:35:18', '2024-01-25 09:30:00', 'Resolved');

-- --------------------------------------------------------

--
-- Table structure for table `tbl_modules`
--

CREATE TABLE `tbl_modules` (
  `module_id` int(11) NOT NULL,
  `module_title` varchar(100) NOT NULL,
  `created_by` int(11) DEFAULT NULL,
  `module_content` text NOT NULL,
  `module_thumbnail` varchar(255) DEFAULT NULL,
  `posted_date` datetime DEFAULT current_timestamp()
) ENGINE=InnoDB DEFAULT CHARSET=utf8mb4 COLLATE=utf8mb4_general_ci;

--
-- Dumping data for table `tbl_modules`
--

INSERT INTO `tbl_modules` (`module_id`, `module_title`, `created_by`, `module_content`, `module_thumbnail`, `posted_date`) VALUES
(1, 'Healthy Eating Basics', 1001, 'This module covers the basics of balanced diet and nutrition.', 'thumb1.png', '2025-09-04 09:34:20'),
(2, 'Child Growth Monitoring', 1002, 'Learn how to monitor and track child growth effectively.', 'thumb1.png', '2025-09-04 09:34:20'),
(3, 'Vaccination Importance', 1001, 'Details on why vaccination is crucial for child health.', 'thumb1.png', '2025-09-04 09:34:20'),
(4, 'Exercise for Kids', 1002, 'Fun activities and exercises to keep children active.', 'thumb1.png', '2025-09-04 09:34:20');

-- --------------------------------------------------------

--
-- Table structure for table `tbl_nutrition_status`
--

CREATE TABLE `tbl_nutrition_status` (
  `status_id` int(11) NOT NULL,
  `status_name` varchar(100) DEFAULT NULL
) ENGINE=InnoDB DEFAULT CHARSET=utf8mb4 COLLATE=utf8mb4_general_ci;

--
-- Dumping data for table `tbl_nutrition_status`
--

INSERT INTO `tbl_nutrition_status` (`status_id`, `status_name`) VALUES
(1, 'Normal Weight'),
(2, 'Underweight'),
(3, 'Severely Underweight'),
(4, 'Overweight');

-- --------------------------------------------------------

--
-- Table structure for table `tbl_nutritrion_record`
--

CREATE TABLE `tbl_nutritrion_record` (
  `nutrition_id` int(11) NOT NULL,
  `child_id` int(11) DEFAULT NULL,
  `recorded_by` int(11) DEFAULT NULL,
  `weight` float DEFAULT NULL,
  `height` float DEFAULT NULL,
  `bmi` float DEFAULT NULL,
  `date_recorded` datetime DEFAULT current_timestamp(),
  `status_id` int(11) DEFAULT NULL
) ENGINE=InnoDB DEFAULT CHARSET=utf8mb4 COLLATE=utf8mb4_general_ci;

--
-- Dumping data for table `tbl_nutritrion_record`
--

INSERT INTO `tbl_nutritrion_record` (`nutrition_id`, `child_id`, `recorded_by`, `weight`, `height`, `bmi`, `date_recorded`, `status_id`) VALUES
(1, 1, 1002, 14.5, 95, 16.1, '2024-01-20 09:00:00', 1),
(2, 2, 1002, 12.8, 88.5, 16.3, '2024-01-20 09:30:00', 2),
(3, 3, 1003, 11.2, 82, 16.7, '2024-01-21 10:00:00', 1),
(4, 4, 1005, 13.8, 91.5, 16.5, '2024-01-21 11:00:00', 1),
(5, 5, 1005, 20.5, 110, 16.9, '2024-01-22 08:30:00', 4),
(6, 6, 1007, 10.8, 78.5, 17.5, '2024-01-22 14:00:00', 2),
(7, 7, 1002, 15.2, 96.8, 16.2, '2024-01-23 09:15:00', 1),
(8, 8, 1003, 14, 94.2, 15.8, '2024-01-23 15:30:00', 1),
(9, 9, 1005, 9.8, 75, 17.4, '2024-01-24 10:45:00', 3),
(10, 10, 1007, 16.8, 102.5, 16, '2024-01-24 13:15:00', 1),
(11, 1, 1002, 14.8, 95.5, 16.2, '2024-02-20 09:00:00', 1),
(12, 2, 1002, 13.1, 89, 16.5, '2024-02-20 09:30:00', 2),
(13, 1, 1002, 14.5, 95, 16.1, '2024-01-20 09:00:00', 1),
(14, 2, 1002, 12.8, 88.5, 16.3, '2024-01-20 09:30:00', 2),
(15, 3, 1003, 11.2, 82, 16.7, '2024-01-21 10:00:00', 1),
(16, 4, 1005, 13.8, 91.5, 16.5, '2024-01-21 11:00:00', 1),
(17, 5, 1005, 20.5, 110, 16.9, '2024-01-22 08:30:00', 4),
(18, 6, 1007, 10.8, 78.5, 17.5, '2024-01-22 14:00:00', 2),
(19, 7, 1002, 15.2, 96.8, 16.2, '2024-01-23 09:15:00', 1),
(20, 8, 1003, 14, 94.2, 15.8, '2024-01-23 15:30:00', 1),
(21, 9, 1005, 9.8, 75, 17.4, '2024-01-24 10:45:00', 3),
(22, 10, 1007, 16.8, 102.5, 16, '2024-01-24 13:15:00', 1),
(23, 11, 1002, 12.5, 85.2, 17.2, '2024-01-25 08:00:00', 2),
(24, 1, 1002, 14.8, 95.5, 16.2, '2024-02-20 09:00:00', 1),
(25, 2, 1002, 13.1, 89, 16.5, '2024-02-20 09:30:00', 2),
(26, 3, 1003, 11.5, 82.5, 16.9, '2024-02-21 10:00:00', 1),
(27, 4, 1005, 14.1, 92, 16.7, '2024-02-21 11:00:00', 1),
(28, 5, 1005, 20.8, 110.5, 17, '2024-02-22 08:30:00', 4),
(29, 6, 1007, 11.1, 79, 17.8, '2024-02-22 14:00:00', 2),
(30, 7, 1002, 15.5, 97.2, 16.4, '2024-02-23 09:15:00', 1),
(31, 8, 1003, 14.3, 94.8, 15.9, '2024-02-23 15:30:00', 1),
(32, 9, 1005, 10.1, 75.5, 17.7, '2024-02-24 10:45:00', 3),
(33, 10, 1007, 17.1, 103, 16.1, '2024-02-24 13:15:00', 1),
(34, 11, 1002, 12.8, 85.8, 17.4, '2024-02-25 08:00:00', 2),
(35, 1, 1002, 15, 96, 16.3, '2024-03-20 09:00:00', 1),
(36, 2, 1002, 13.4, 89.5, 16.7, '2024-03-20 09:30:00', 2),
(37, 3, 1003, 11.8, 83, 17.1, '2024-03-21 10:00:00', 2),
(38, 4, 1005, 14.4, 92.5, 16.8, '2024-03-21 11:00:00', 1),
(39, 5, 1005, 21.1, 111, 17.1, '2024-03-22 08:30:00', 4),
(40, 6, 1007, 11.4, 79.5, 18, '2024-03-22 14:00:00', 3),
(41, 7, 1002, 15.8, 97.8, 16.5, '2024-03-23 09:15:00', 1),
(42, 8, 1003, 14.6, 95.4, 16, '2024-03-23 15:30:00', 1),
(43, 9, 1005, 10.4, 76, 18, '2024-03-24 10:45:00', 3),
(44, 10, 1007, 17.4, 103.5, 16.2, '2024-03-24 13:15:00', 1),
(45, 11, 1002, 13.1, 86.4, 17.5, '2024-03-25 08:00:00', 2),
(46, 1, 1002, 15.2, 96.5, 16.3, '2024-04-20 09:00:00', 1),
(47, 2, 1002, 13.6, 90, 16.8, '2024-04-20 09:30:00', 2),
(48, 3, 1003, 12, 83.5, 17.2, '2024-04-21 10:00:00', 2),
(49, 4, 1005, 14.7, 93, 17, '2024-04-21 11:00:00', 1),
(50, 5, 1005, 21.4, 111.5, 17.2, '2024-04-22 08:30:00', 4),
(51, 6, 1007, 11.7, 80, 18.3, '2024-04-22 14:00:00', 3),
(52, 7, 1002, 16.1, 98.4, 16.6, '2024-04-23 09:15:00', 1),
(53, 8, 1003, 14.9, 96, 16.2, '2024-04-23 15:30:00', 1),
(54, 9, 1005, 10.7, 76.5, 18.3, '2024-04-24 10:45:00', 3),
(55, 10, 1007, 17.7, 104, 16.4, '2024-04-24 13:15:00', 1),
(56, 11, 1002, 13.4, 87, 17.7, '2024-04-25 08:00:00', 2),
(57, 1, 1002, 15.5, 97, 16.5, '2024-05-20 09:00:00', 1),
(58, 2, 1002, 13.9, 90.5, 17, '2024-05-20 09:30:00', 2),
(59, 3, 1003, 12.3, 84, 17.4, '2024-05-21 10:00:00', 2),
(60, 4, 1005, 15, 93.5, 17.2, '2024-05-21 11:00:00', 2),
(61, 5, 1005, 21.7, 112, 17.3, '2024-05-22 08:30:00', 4),
(62, 6, 1007, 12, 80.5, 18.5, '2024-05-22 14:00:00', 3),
(63, 7, 1002, 16.4, 99, 16.7, '2024-05-23 09:15:00', 1),
(64, 8, 1003, 15.2, 96.6, 16.3, '2024-05-23 15:30:00', 1),
(65, 9, 1005, 11, 77, 18.5, '2024-05-24 10:45:00', 3),
(66, 10, 1007, 18, 104.5, 16.5, '2024-05-24 13:15:00', 1),
(67, 11, 1002, 13.7, 87.6, 17.8, '2024-05-25 08:00:00', 2),
(68, 1, 1002, 15.8, 97.5, 16.6, '2024-06-20 09:00:00', 1),
(69, 2, 1002, 14.2, 91, 17.1, '2024-06-20 09:30:00', 2),
(70, 3, 1003, 12.6, 84.5, 17.6, '2024-06-21 10:00:00', 2),
(71, 4, 1005, 15.3, 94, 17.3, '2024-06-21 11:00:00', 2),
(72, 5, 1005, 22, 112.5, 17.4, '2024-06-22 08:30:00', 4),
(73, 6, 1007, 12.3, 81, 18.7, '2024-06-22 14:00:00', 3),
(74, 7, 1002, 16.7, 99.6, 16.8, '2024-06-23 09:15:00', 1),
(75, 8, 1003, 15.5, 97.2, 16.4, '2024-06-23 15:30:00', 1),
(76, 9, 1005, 11.3, 77.5, 18.8, '2024-06-24 10:45:00', 3),
(77, 10, 1007, 18.3, 105, 16.6, '2024-06-24 13:15:00', 1),
(78, 11, 1002, 14, 88.2, 18, '2024-06-25 08:00:00', 2),
(79, 1, 1002, 16.1, 98, 16.8, '2024-07-20 09:00:00', 1),
(80, 2, 1002, 14.5, 91.5, 17.3, '2024-07-20 09:30:00', 2),
(81, 3, 1003, 12.9, 85, 17.8, '2024-07-21 10:00:00', 2),
(82, 4, 1005, 15.6, 94.5, 17.5, '2024-07-21 11:00:00', 2),
(83, 5, 1005, 22.3, 113, 17.5, '2024-07-22 08:30:00', 4),
(84, 6, 1007, 12.6, 81.5, 19, '2024-07-22 14:00:00', 3),
(85, 7, 1002, 17, 100.2, 16.9, '2024-07-23 09:15:00', 1),
(86, 8, 1003, 15.8, 97.8, 16.5, '2024-07-23 15:30:00', 1),
(87, 9, 1005, 11.6, 78, 19.1, '2024-07-24 10:45:00', 3),
(88, 10, 1007, 18.6, 105.5, 16.7, '2024-07-24 13:15:00', 1),
(89, 11, 1002, 14.3, 88.8, 18.1, '2024-07-25 08:00:00', 2),
(90, 1, 1002, 16.4, 98.5, 16.9, '2024-08-20 09:00:00', 1),
(91, 2, 1002, 14.8, 92, 17.5, '2024-08-20 09:30:00', 2),
(92, 3, 1003, 13.2, 85.5, 18, '2024-08-21 10:00:00', 2),
(93, 4, 1005, 15.9, 95, 17.6, '2024-08-21 11:00:00', 2),
(94, 5, 1005, 22.6, 113.5, 17.6, '2024-08-22 08:30:00', 4),
(95, 6, 1007, 12.9, 82, 19.2, '2024-08-22 14:00:00', 3),
(96, 7, 1002, 17.3, 100.8, 17, '2024-08-23 09:15:00', 1),
(97, 8, 1003, 16.1, 98.4, 16.6, '2024-08-23 15:30:00', 1),
(98, 9, 1005, 11.9, 78.5, 19.3, '2024-08-24 10:45:00', 4),
(99, 10, 1007, 18.9, 106, 16.8, '2024-08-24 13:15:00', 1),
(100, 11, 1002, 14.6, 89.4, 18.3, '2024-08-25 08:00:00', 2),
(101, 1, 1002, 16.7, 99, 17, '2024-09-20 09:00:00', 1),
(102, 2, 1002, 15.1, 92.5, 17.6, '2024-09-20 09:30:00', 2),
(103, 3, 1003, 13.5, 86, 18.2, '2024-09-21 10:00:00', 3),
(104, 4, 1005, 16.2, 95.5, 17.8, '2024-09-21 11:00:00', 2),
(105, 5, 1005, 22.9, 114, 17.6, '2024-09-22 08:30:00', 4),
(106, 6, 1007, 13.2, 82.5, 19.4, '2024-09-22 14:00:00', 3),
(107, 7, 1002, 17.6, 101.4, 17.1, '2024-09-23 09:15:00', 1),
(108, 8, 1003, 16.4, 99, 16.7, '2024-09-23 15:30:00', 1),
(109, 9, 1005, 12.2, 79, 19.5, '2024-09-24 10:45:00', 4),
(110, 10, 1007, 19.2, 106.5, 16.9, '2024-09-24 13:15:00', 1),
(111, 11, 1002, 14.9, 90, 18.4, '2024-09-25 08:00:00', 2),
(112, 1, 1002, 17, 99.5, 17.2, '2024-10-20 09:00:00', 1),
(113, 2, 1002, 15.4, 93, 17.8, '2024-10-20 09:30:00', 2),
(114, 3, 1003, 13.8, 86.5, 18.4, '2024-10-21 10:00:00', 3),
(115, 4, 1005, 16.5, 96, 17.9, '2024-10-21 11:00:00', 2),
(116, 5, 1005, 23.2, 114.5, 17.7, '2024-10-22 08:30:00', 4),
(117, 6, 1007, 13.5, 83, 19.6, '2024-10-22 14:00:00', 4),
(118, 7, 1002, 17.9, 102, 17.2, '2024-10-23 09:15:00', 1),
(119, 8, 1003, 16.7, 99.6, 16.8, '2024-10-23 15:30:00', 1),
(120, 9, 1005, 12.5, 79.5, 19.8, '2024-10-24 10:45:00', 4),
(121, 10, 1007, 19.5, 107, 17, '2024-10-24 13:15:00', 1),
(122, 11, 1002, 15.2, 90.6, 18.5, '2024-10-25 08:00:00', 2),
(123, 1, 1002, 17.3, 100, 17.3, '2024-11-20 09:00:00', 1),
(124, 2, 1002, 15.7, 93.5, 18, '2024-11-20 09:30:00', 2),
(125, 3, 1003, 14.1, 87, 18.6, '2024-11-21 10:00:00', 3),
(126, 4, 1005, 16.8, 96.5, 18, '2024-11-21 11:00:00', 2),
(127, 5, 1005, 23.5, 115, 17.8, '2024-11-22 08:30:00', 4),
(128, 6, 1007, 13.8, 83.5, 19.8, '2024-11-22 14:00:00', 4),
(129, 7, 1002, 18.2, 102.6, 17.3, '2024-11-23 09:15:00', 1),
(130, 8, 1003, 17, 100.2, 16.9, '2024-11-23 15:30:00', 1),
(131, 9, 1005, 12.8, 80, 20, '2024-11-24 10:45:00', 4),
(132, 10, 1007, 19.8, 107.5, 17.1, '2024-11-24 13:15:00', 1),
(133, 11, 1002, 15.5, 91.2, 18.6, '2024-11-25 08:00:00', 2),
(134, 1, 1002, 17.6, 100.5, 17.4, '2024-12-20 09:00:00', 1),
(135, 2, 1002, 16, 94, 18.1, '2024-12-20 09:30:00', 2),
(136, 3, 1003, 14.4, 87.5, 18.8, '2024-12-21 10:00:00', 3),
(137, 4, 1005, 17.1, 97, 18.2, '2024-12-21 11:00:00', 2),
(138, 5, 1005, 23.8, 115.5, 17.9, '2024-12-22 08:30:00', 4),
(139, 6, 1007, 14.1, 84, 20, '2024-12-22 14:00:00', 4),
(140, 7, 1002, 18.5, 103.2, 17.4, '2024-12-23 09:15:00', 1),
(141, 8, 1003, 17.3, 100.8, 17, '2024-12-23 15:30:00', 1),
(142, 9, 1005, 13.1, 80.5, 20.2, '2024-12-24 10:45:00', 4),
(143, 10, 1007, 20.1, 108, 17.2, '2024-12-24 13:15:00', 1),
(144, 11, 1002, 15.8, 91.8, 18.8, '2024-12-25 08:00:00', 2),
(145, 1, 1002, 17.9, 101, 17.5, '2025-01-20 09:00:00', 1),
(146, 2, 1002, 16.3, 94.5, 18.3, '2025-01-20 09:30:00', 2),
(147, 3, 1003, 14.7, 88, 19, '2025-01-21 10:00:00', 3),
(148, 4, 1005, 17.4, 97.5, 18.3, '2025-01-21 11:00:00', 2),
(149, 5, 1005, 24.1, 116, 17.9, '2025-01-22 08:30:00', 4),
(150, 6, 1007, 14.4, 84.5, 20.2, '2025-01-22 14:00:00', 4),
(151, 7, 1002, 18.8, 103.8, 17.5, '2025-01-23 09:15:00', 1),
(152, 8, 1003, 17.6, 101.4, 17.1, '2025-01-23 15:30:00', 1),
(153, 9, 1005, 13.4, 81, 20.4, '2025-01-24 10:45:00', 4),
(154, 10, 1007, 20.4, 108.5, 17.3, '2025-01-24 13:15:00', 1),
(155, 11, 1002, 16.1, 92.4, 18.9, '2025-01-25 08:00:00', 2),
(156, 1, 1002, 18.2, 101.5, 17.7, '2025-02-20 09:00:00', 1),
(157, 2, 1002, 16.6, 95, 18.4, '2025-02-20 09:30:00', 2),
(158, 3, 1003, 15, 88.5, 19.2, '2025-02-21 10:00:00', 3),
(159, 4, 1005, 17.7, 98, 18.4, '2025-02-21 11:00:00', 2),
(160, 5, 1005, 24.4, 116.5, 18, '2025-02-22 08:30:00', 4),
(161, 6, 1007, 14.7, 85, 20.4, '2025-02-22 14:00:00', 4),
(162, 7, 1002, 19.1, 104.4, 17.5, '2025-02-23 09:15:00', 1),
(163, 8, 1003, 17.9, 102, 17.2, '2025-02-23 15:30:00', 1),
(164, 9, 1005, 13.7, 81.5, 20.6, '2025-02-24 10:45:00', 4),
(165, 10, 1007, 20.7, 109, 17.4, '2025-02-24 13:15:00', 1),
(166, 11, 1002, 16.4, 93, 19, '2025-02-25 08:00:00', 2),
(167, 1, 1002, 18.5, 102, 17.8, '2025-03-20 09:00:00', 1),
(168, 2, 1002, 16.9, 95.5, 18.5, '2025-03-20 09:30:00', 2),
(169, 3, 1003, 15.3, 89, 19.3, '2025-03-21 10:00:00', 3),
(170, 4, 1005, 18, 98.5, 18.5, '2025-03-21 11:00:00', 2),
(171, 5, 1005, 24.7, 117, 18, '2025-03-22 08:30:00', 4),
(172, 6, 1007, 15, 85.5, 20.5, '2025-03-22 14:00:00', 4),
(173, 7, 1002, 19.4, 105, 17.6, '2025-03-23 09:15:00', 1),
(174, 8, 1003, 18.2, 102.6, 17.3, '2025-03-23 15:30:00', 1),
(175, 9, 1005, 14, 82, 20.8, '2025-03-24 10:45:00', 4),
(176, 10, 1007, 21, 109.5, 17.5, '2025-03-24 13:15:00', 1),
(177, 11, 1002, 16.7, 93.6, 19.1, '2025-03-25 08:00:00', 2),
(178, 1, 1003, 18.8, 102.5, 17.9, '2025-04-15 10:30:00', 1),
(179, 2, 1005, 17.2, 96, 18.7, '2025-04-15 11:00:00', 2),
(180, 3, 1007, 15.6, 89.5, 19.5, '2025-04-16 09:30:00', 3),
(181, 4, 1002, 18.3, 99, 18.7, '2025-04-16 14:00:00', 2),
(182, 5, 1003, 25, 117.5, 18.1, '2025-04-17 08:15:00', 4),
(183, 6, 1005, 15.3, 86, 20.7, '2025-04-17 15:30:00', 4),
(184, 7, 1007, 19.7, 105.6, 17.7, '2025-04-18 10:45:00', 1),
(185, 8, 1002, 18.5, 103.2, 17.4, '2025-04-18 13:20:00', 1),
(186, 9, 1003, 14.3, 82.5, 21, '2025-04-19 09:00:00', 4),
(187, 10, 1005, 21.3, 110, 17.6, '2025-04-19 11:15:00', 1),
(188, 11, 1007, 17, 94.2, 19.2, '2025-04-20 14:30:00', 2),
(189, 1, 1002, 19.1, 103, 18, '2025-05-20 09:00:00', 1),
(190, 2, 1003, 17.5, 96.5, 18.8, '2025-05-20 09:30:00', 2),
(191, 3, 1005, 15.9, 90, 19.6, '2025-05-21 10:00:00', 3),
(192, 4, 1007, 18.6, 99.5, 18.8, '2025-05-21 11:00:00', 2),
(193, 5, 1002, 25.3, 118, 18.2, '2025-05-22 08:30:00', 4),
(194, 6, 1003, 15.6, 86.5, 20.8, '2025-05-22 14:00:00', 4),
(195, 7, 1005, 20, 106.2, 17.7, '2025-05-23 09:15:00', 1),
(196, 8, 1007, 18.8, 103.8, 17.4, '2025-05-23 15:30:00', 1),
(197, 9, 1002, 14.6, 83, 21.2, '2025-05-24 10:45:00', 4),
(198, 10, 1003, 21.6, 110.5, 17.7, '2025-05-24 13:15:00', 1),
(199, 11, 1005, 17.3, 94.8, 19.3, '2025-05-25 08:00:00', 2),
(200, 1, 1003, 19.4, 103.5, 18.1, '2025-06-20 09:00:00', 1),
(201, 2, 1005, 17.8, 97, 18.9, '2025-06-20 09:30:00', 2),
(202, 3, 1007, 16.2, 90.5, 19.8, '2025-06-21 10:00:00', 3),
(203, 4, 1002, 18.9, 100, 18.9, '2025-06-21 11:00:00', 2),
(204, 5, 1003, 25.6, 118.5, 18.2, '2025-06-22 08:30:00', 4),
(205, 6, 1005, 15.9, 87, 21, '2025-06-22 14:00:00', 4),
(206, 7, 1007, 20.3, 106.8, 17.8, '2025-06-23 09:15:00', 1),
(207, 8, 1002, 19.1, 104.4, 17.5, '2025-06-23 15:30:00', 1),
(208, 9, 1003, 14.9, 83.5, 21.4, '2025-06-24 10:45:00', 4),
(209, 10, 1005, 21.9, 111, 17.8, '2025-06-24 13:15:00', 1),
(210, 11, 1007, 17.6, 95.4, 19.4, '2025-06-25 08:00:00', 2),
(211, 1, 1005, 19.7, 104, 18.2, '2025-07-20 09:00:00', 1),
(212, 2, 1007, 18.1, 97.5, 19, '2025-07-20 09:30:00', 2),
(213, 3, 1002, 16.5, 91, 19.9, '2025-07-21 10:00:00', 3),
(214, 4, 1003, 19.2, 100.5, 19, '2025-07-21 11:00:00', 2),
(215, 5, 1005, 25.9, 119, 18.3, '2025-07-22 08:30:00', 4),
(216, 6, 1007, 16.2, 87.5, 21.2, '2025-07-22 14:00:00', 4),
(217, 7, 1002, 20.6, 107.4, 17.9, '2025-07-23 09:15:00', 1),
(218, 8, 1003, 19.4, 105, 17.6, '2025-07-23 15:30:00', 1),
(219, 9, 1005, 15.2, 84, 21.5, '2025-07-24 10:45:00', 4),
(220, 10, 1007, 22.2, 111.5, 17.9, '2025-07-24 13:15:00', 1),
(221, 11, 1002, 17.9, 96, 19.4, '2025-07-25 08:00:00', 2),
(222, 1, 1007, 20, 104.5, 18.3, '2025-08-20 09:00:00', 1),
(223, 2, 1002, 18.4, 98, 19.1, '2025-08-20 09:30:00', 2),
(224, 3, 1003, 16.8, 91.5, 20.1, '2025-08-21 10:00:00', 3),
(225, 4, 1005, 19.5, 101, 19.1, '2025-08-21 11:00:00', 2),
(226, 5, 1007, 26.2, 119.5, 18.4, '2025-08-22 08:30:00', 4),
(227, 6, 1002, 16.5, 88, 21.3, '2025-08-22 14:00:00', 4),
(228, 7, 1003, 20.9, 108, 17.9, '2025-08-23 09:15:00', 1),
(229, 8, 1005, 19.7, 105.6, 17.7, '2025-08-23 15:30:00', 1),
(230, 9, 1007, 15.5, 84.5, 21.7, '2025-08-24 10:45:00', 4),
(231, 10, 1002, 22.5, 112, 18, '2025-08-24 13:15:00', 1),
(232, 11, 1003, 18.2, 96.6, 19.5, '2025-08-25 08:00:00', 2),
(233, 1, 1002, 20.3, 105, 18.4, '2025-09-01 09:00:00', 1),
(234, 2, 1003, 18.7, 98.5, 19.3, '2025-09-01 09:30:00', 2),
(235, 3, 1005, 17.1, 92, 20.2, '2025-09-02 10:00:00', 3),
(236, 4, 1007, 19.8, 101.5, 19.2, '2025-09-02 11:00:00', 2),
(237, 5, 1002, 26.5, 120, 18.4, '2025-09-03 08:30:00', 4),
(238, 6, 1003, 16.8, 88.5, 21.5, '2025-09-03 14:00:00', 4),
(239, 7, 1005, 21.2, 108.6, 18, '2025-09-04 09:15:00', 1),
(240, 8, 1007, 20, 106.2, 17.7, '2025-09-04 15:30:00', 1),
(241, 9, 1002, 15.8, 85, 21.9, '2025-09-05 10:45:00', 4),
(244, 3, 1002, 14.4, 87.8, 18.7, '2024-01-05 08:30:00', 3),
(245, 5, 1003, 20.2, 109.5, 16.8, '2024-01-07 10:15:00', 4),
(246, 7, 1005, 15, 96.2, 16.2, '2024-01-10 14:20:00', 1),
(247, 9, 1007, 9.5, 74.5, 17.1, '2024-01-12 11:30:00', 3),
(248, 11, 1002, 12.2, 84.8, 17, '2024-01-15 09:45:00', 2),
(249, 2, 1003, 12.5, 88, 16.1, '2024-01-18 13:00:00', 2),
(250, 4, 1005, 13.5, 91, 16.3, '2024-01-22 15:30:00', 1),
(251, 6, 1007, 10.5, 78, 17.2, '2024-01-25 08:15:00', 2),
(252, 8, 1002, 13.8, 93.8, 15.7, '2024-01-28 12:45:00', 1),
(253, 10, 1003, 16.5, 102, 15.9, '2024-01-30 16:00:00', 1),
(254, 1, 1003, 14.6, 95.2, 16.1, '2024-02-03 10:30:00', 1),
(255, 3, 1005, 11.3, 82.2, 16.7, '2024-02-06 14:15:00', 1),
(256, 5, 1007, 20.6, 110.2, 16.9, '2024-02-09 09:20:00', 4),
(257, 7, 1002, 15, 96.5, 16.1, '2024-02-12 11:40:00', 1),
(258, 9, 1003, 9.9, 75.2, 17.5, '2024-02-15 13:25:00', 3),
(259, 11, 1005, 12.6, 85.5, 17.2, '2024-02-18 15:10:00', 2),
(260, 2, 1007, 12.9, 88.8, 16.4, '2024-02-21 08:35:00', 2),
(261, 4, 1002, 13.9, 91.8, 16.5, '2024-02-24 12:20:00', 1),
(262, 6, 1003, 10.9, 79, 17.5, '2024-02-27 16:45:00', 2),
(263, 8, 1005, 14.1, 94.5, 15.8, '2024-03-02 09:10:00', 1),
(264, 10, 1007, 16.9, 102.8, 16, '2024-03-05 11:55:00', 1),
(265, 1, 1003, 14.9, 95.8, 16.2, '2024-03-08 14:30:00', 1),
(266, 3, 1002, 11.6, 82.8, 16.9, '2024-03-11 10:05:00', 1),
(267, 5, 1005, 20.9, 110.8, 17, '2024-03-14 13:15:00', 4),
(268, 7, 1007, 15.4, 97.5, 16.2, '2024-03-17 08:25:00', 1),
(269, 9, 1003, 10.2, 75.8, 17.7, '2024-03-20 15:40:00', 3),
(270, 11, 1002, 12.9, 86.2, 17.4, '2024-03-23 12:10:00', 2),
(271, 2, 1005, 13.2, 89.2, 16.6, '2024-03-26 09:50:00', 2),
(272, 4, 1007, 14.2, 92.2, 16.7, '2024-04-02 11:20:00', 1),
(273, 6, 1002, 11.5, 79.8, 18, '2024-04-05 14:35:00', 2),
(274, 8, 1003, 14.5, 95.2, 16, '2024-04-08 10:15:00', 1),
(275, 10, 1005, 17.2, 103.2, 16.2, '2024-04-11 13:40:00', 1),
(276, 1, 1007, 15.1, 96.2, 16.3, '2024-04-14 08:55:00', 1),
(277, 3, 1002, 11.9, 83.2, 17.2, '2024-04-17 12:25:00', 2),
(278, 5, 1003, 21.2, 111.2, 17.1, '2024-04-20 15:10:00', 4),
(279, 7, 1005, 15.9, 98.2, 16.5, '2024-04-23 09:30:00', 1),
(280, 9, 1007, 10.5, 76.2, 18.1, '2024-04-26 11:45:00', 3),
(281, 11, 1002, 13.2, 86.8, 17.5, '2024-05-02 14:20:00', 2),
(282, 2, 1003, 13.7, 89.8, 17, '2024-05-05 10:40:00', 2),
(283, 4, 1005, 14.8, 92.8, 17.2, '2024-05-08 13:15:00', 2),
(284, 6, 1007, 11.8, 80.2, 18.3, '2024-05-11 08:50:00', 3),
(285, 8, 1002, 15, 95.8, 16.3, '2024-05-14 12:05:00', 1),
(286, 10, 1003, 17.5, 103.8, 16.2, '2024-05-17 15:30:00', 1),
(287, 1, 1005, 15.4, 97.2, 16.3, '2024-05-20 09:45:00', 1),
(288, 3, 1007, 12.1, 83.8, 17.2, '2024-05-23 11:20:00', 2),
(289, 5, 1002, 21.5, 111.8, 17.2, '2024-05-26 14:10:00', 4),
(290, 7, 1003, 16.2, 98.8, 16.6, '2024-06-02 10:25:00', 1),
(291, 9, 1005, 10.8, 76.8, 18.3, '2024-06-05 13:40:00', 3),
(292, 11, 1007, 13.5, 87.4, 17.7, '2024-06-08 08:15:00', 2),
(293, 2, 1002, 14, 90.2, 17.2, '2024-06-11 12:30:00', 2),
(294, 4, 1003, 15.1, 93.2, 17.4, '2024-06-14 15:05:00', 2),
(295, 6, 1005, 12.1, 80.8, 18.5, '2024-06-17 09:20:00', 3),
(296, 8, 1007, 15.3, 96.4, 16.5, '2024-06-20 11:35:00', 1),
(297, 10, 1002, 17.8, 104.4, 16.3, '2024-06-23 14:50:00', 1),
(298, 1, 1003, 15.7, 97.8, 16.4, '2024-06-26 10:10:00', 1),
(299, 3, 1005, 12.4, 84.4, 17.4, '2024-07-02 13:25:00', 2),
(300, 5, 1007, 21.8, 112.4, 17.3, '2024-07-05 08:40:00', 4),
(301, 7, 1002, 16.5, 99.4, 16.7, '2024-07-08 12:15:00', 1),
(302, 9, 1003, 11.1, 77.4, 18.5, '2024-07-11 15:30:00', 3),
(303, 11, 1005, 13.8, 88, 17.8, '2024-07-14 09:55:00', 2),
(304, 2, 1007, 14.3, 90.8, 17.3, '2024-07-17 11:10:00', 2),
(305, 4, 1002, 15.4, 94, 17.4, '2024-07-20 14:25:00', 2),
(306, 6, 1003, 12.4, 81.4, 18.7, '2024-07-23 10:45:00', 3),
(307, 8, 1005, 15.6, 97, 16.6, '2024-07-26 13:20:00', 1),
(308, 10, 1007, 18.1, 104.8, 16.5, '2024-07-29 08:35:00', 1),
(309, 1, 1002, 16.2, 98.2, 16.8, '2024-08-03 10:50:00', 1),
(310, 3, 1003, 12.7, 85, 17.6, '2024-08-06 14:05:00', 2),
(311, 5, 1005, 22.1, 113, 17.3, '2024-08-09 09:20:00', 4),
(312, 7, 1007, 16.8, 99.8, 16.9, '2024-08-12 12:35:00', 1),
(313, 9, 1002, 11.4, 78, 18.7, '2024-08-15 15:50:00', 3),
(314, 11, 1003, 14.1, 88.6, 18, '2024-08-18 08:15:00', 2),
(315, 2, 1005, 14.6, 91.4, 17.5, '2024-08-21 11:30:00', 2),
(316, 4, 1007, 15.7, 94.6, 17.5, '2024-08-24 14:45:00', 2),
(317, 6, 1002, 12.7, 82, 18.9, '2024-08-27 10:00:00', 3),
(318, 8, 1003, 15.9, 97.6, 16.7, '2024-08-30 13:15:00', 1),
(319, 10, 1005, 18.4, 105.4, 16.6, '2024-09-02 09:40:00', 1),
(320, 1, 1007, 16.5, 98.8, 16.9, '2024-09-05 12:55:00', 1),
(321, 3, 1002, 13, 85.6, 17.7, '2024-09-08 16:10:00', 2),
(322, 5, 1003, 22.4, 113.6, 17.4, '2024-09-11 08:25:00', 4),
(323, 7, 1005, 17.1, 100.4, 17, '2024-09-14 11:40:00', 1),
(324, 9, 1007, 11.7, 78.6, 18.9, '2024-09-17 14:55:00', 3),
(325, 11, 1002, 14.4, 89.2, 18.1, '2024-09-20 10:20:00', 2),
(326, 2, 1003, 14.9, 92, 17.6, '2024-09-23 13:35:00', 2),
(327, 4, 1005, 16, 95.2, 17.6, '2024-09-26 09:00:00', 2),
(328, 6, 1007, 13, 82.6, 19, '2024-09-29 12:15:00', 3),
(329, 8, 1002, 16.2, 98, 16.9, '2024-10-02 15:30:00', 1),
(330, 10, 1003, 18.7, 106, 16.7, '2024-10-05 08:45:00', 1),
(331, 1, 1005, 16.8, 99.2, 17.1, '2024-10-08 12:00:00', 1),
(332, 3, 1007, 13.3, 86.2, 17.9, '2024-10-11 15:15:00', 2),
(333, 5, 1002, 22.7, 114.2, 17.4, '2024-10-14 09:30:00', 4),
(334, 7, 1003, 17.4, 101, 17.1, '2024-10-17 12:45:00', 1),
(335, 9, 1005, 12, 79.2, 19.1, '2024-10-20 16:00:00', 3),
(336, 11, 1007, 14.7, 89.8, 18.2, '2024-10-23 08:20:00', 2),
(337, 2, 1002, 15.2, 92.6, 17.7, '2024-10-26 11:35:00', 2),
(338, 4, 1003, 16.3, 95.8, 17.7, '2024-10-29 14:50:00', 2),
(339, 6, 1005, 13.3, 83.2, 19.2, '2024-11-02 10:05:00', 3),
(340, 8, 1007, 16.5, 98.6, 17, '2024-11-05 13:20:00', 1),
(341, 10, 1002, 19, 106.6, 16.7, '2024-11-08 09:35:00', 1),
(342, 1, 1003, 17.1, 99.8, 17.2, '2024-11-11 12:50:00', 1),
(343, 3, 1005, 13.6, 86.8, 18.1, '2024-11-14 16:05:00', 2),
(344, 5, 1007, 23, 114.8, 17.5, '2024-11-17 08:10:00', 4),
(345, 7, 1002, 17.7, 101.6, 17.1, '2024-11-20 11:25:00', 1),
(346, 9, 1003, 12.3, 79.8, 19.3, '2024-11-23 14:40:00', 3),
(347, 11, 1005, 15, 90.4, 18.3, '2024-11-26 09:55:00', 2),
(348, 2, 1007, 15.5, 93.2, 17.8, '2024-11-29 13:10:00', 2),
(349, 4, 1002, 16.6, 96.4, 17.9, '2024-12-02 16:25:00', 2),
(350, 6, 1003, 13.6, 83.8, 19.4, '2024-12-05 08:40:00', 3),
(351, 8, 1005, 16.8, 99, 17.1, '2024-12-08 11:55:00', 1),
(352, 10, 1007, 19.3, 107.2, 16.8, '2024-12-11 15:10:00', 1),
(353, 1, 1002, 17.4, 100.2, 17.3, '2024-12-14 09:25:00', 1),
(354, 3, 1003, 13.9, 87.4, 18.2, '2024-12-17 12:40:00', 2),
(355, 5, 1005, 23.3, 115.4, 17.5, '2024-12-20 15:55:00', 4),
(356, 7, 1007, 18, 102.2, 17.2, '2024-12-23 10:15:00', 1),
(357, 9, 1002, 12.6, 80.4, 19.5, '2024-12-26 13:30:00', 4),
(358, 11, 1003, 15.3, 91, 18.5, '2024-12-29 08:45:00', 2),
(359, 2, 1005, 15.8, 93.8, 18, '2025-01-03 12:00:00', 2),
(360, 4, 1007, 17, 96.8, 18.1, '2025-01-06 15:15:00', 2),
(361, 6, 1002, 14, 84.4, 19.6, '2025-01-09 09:30:00', 3),
(362, 8, 1003, 17.1, 99.4, 17.3, '2025-01-12 12:45:00', 1),
(363, 10, 1005, 19.6, 107.8, 16.9, '2025-01-15 16:00:00', 1),
(364, 1, 1007, 17.7, 100.8, 17.4, '2025-01-18 08:15:00', 1),
(365, 3, 1002, 14.3, 88, 18.5, '2025-01-21 11:30:00', 2),
(366, 5, 1003, 23.6, 115.8, 17.6, '2025-01-24 14:45:00', 4),
(367, 7, 1005, 18.3, 102.8, 17.3, '2025-01-27 10:00:00', 1),
(368, 9, 1007, 12.9, 81, 19.7, '2025-01-30 13:15:00', 4),
(369, 11, 1002, 15.6, 91.6, 18.6, '2025-02-02 09:30:00', 2),
(370, 2, 1003, 16.1, 94.4, 18.1, '2025-02-05 12:45:00', 2),
(371, 4, 1005, 17.3, 97.4, 18.2, '2025-02-08 16:00:00', 2),
(372, 6, 1007, 14.3, 85, 19.8, '2025-02-11 08:15:00', 3),
(373, 8, 1002, 17.4, 100, 17.4, '2025-02-14 11:30:00', 1),
(374, 10, 1003, 19.9, 108.4, 17, '2025-02-17 14:45:00', 1),
(375, 1, 1005, 18, 101.4, 17.5, '2025-02-20 10:00:00', 1),
(376, 3, 1007, 14.6, 88.6, 18.6, '2025-02-23 13:15:00', 2),
(377, 5, 1002, 23.9, 116.4, 17.6, '2025-02-26 09:30:00', 4),
(378, 7, 1003, 18.6, 103.4, 17.4, '2025-03-01 12:45:00', 1),
(379, 9, 1005, 13.2, 81.6, 19.9, '2025-03-04 16:00:00', 4),
(380, 11, 1007, 15.9, 92.2, 18.7, '2025-03-07 08:15:00', 2);

-- --------------------------------------------------------

--
-- Table structure for table `tbl_report`
--

CREATE TABLE `tbl_report` (
  `report_id` int(11) NOT NULL,
  `child_id` int(11) DEFAULT NULL,
  `generated_by` int(11) DEFAULT NULL,
  `report_type` varchar(255) NOT NULL,
  `report_date` datetime DEFAULT current_timestamp()
) ENGINE=InnoDB DEFAULT CHARSET=utf8mb4 COLLATE=utf8mb4_general_ci;

--
-- Dumping data for table `tbl_report`
--

INSERT INTO `tbl_report` (`report_id`, `child_id`, `generated_by`, `report_type`, `report_date`) VALUES
(1, 2, 1001, 'Malnutrition Assessment Report', '2024-01-25 10:00:00'),
(2, 5, 1001, 'Growth Monitoring Report', '2024-01-25 11:30:00'),
(3, 6, 1005, 'Nutrition Status Report', '2024-01-26 09:15:00'),
(4, 9, 1001, 'Severe Malnutrition Alert Report', '2024-01-26 14:20:00'),
(5, 1, 1002, 'Monthly Progress Report', '2024-02-01 08:30:00'),
(6, 3, 1003, 'Vaccination Compliance Report', '2024-02-01 10:45:00'),
(7, 4, 1005, 'Health Status Summary', '2025-09-08 17:30:00'),
(8, 7, 1002, 'Health Status Summary', '2024-02-02 07:30:00');

-- --------------------------------------------------------

--
-- Table structure for table `tbl_roles`
--

CREATE TABLE `tbl_roles` (
  `role_id` int(11) NOT NULL,
  `role_name` varchar(50) DEFAULT NULL
) ENGINE=InnoDB DEFAULT CHARSET=utf8mb4 COLLATE=utf8mb4_general_ci;

--
-- Dumping data for table `tbl_roles`
--

INSERT INTO `tbl_roles` (`role_id`, `role_name`) VALUES
(1, 'User'),
(2, 'Admin'),
(3, 'Barangay Health Worker');

-- --------------------------------------------------------

--
-- Table structure for table `tbl_user`
--

CREATE TABLE `tbl_user` (
  `user_id` int(11) NOT NULL,
  `username` varchar(50) DEFAULT NULL,
  `password` varchar(255) DEFAULT NULL,
  `status` enum('Active','Inactive') NOT NULL DEFAULT 'Active',
  `role_id` int(11) DEFAULT 1,
  `date_added` datetime DEFAULT current_timestamp()
) ENGINE=InnoDB DEFAULT CHARSET=utf8mb4 COLLATE=utf8mb4_general_ci;

--
-- Dumping data for table `tbl_user`
--

INSERT INTO `tbl_user` (`user_id`, `username`, `password`, `status`, `role_id`, `date_added`) VALUES
(1000, 'admin', '$2y$10$fie7pdiAWDbVe/1Gm3mj.uWdNKmQtB5MIZcyGKV9IrzOIdeNjrak.', 'Active', 2, '2025-09-06 21:46:43'),
(1001, 'admin_maria', '$2y$10$IR5Fye.FdPqYEg0eQNTubOa2SG75NlU7wax/dtM8Jfur3yufIyhae', 'Active', 2, '2024-05-06 19:32:20'),
(1002, 'bhw_juan', '$2y$10$k/nmvGf9Zw0da0n7p/7oY.aKSbhTw6DcLf1w523jm/EPNstWaa0he', 'Active', 3, '2025-08-21 08:20:23'),
(1003, 'bhw_ana', '$2y$10$K6kY0yWvcdB46QEn4SH9t.PWAdqCkmRwAdW79yDaaIWPvEqdUHu8q', 'Active', 3, '2025-09-06 22:46:43'),
(1004, 'user_pedro', '$2y$10$OBQFMqUOVDOEJp5WexL8COycPfD.OQ.5QNoUNNlA1dtFDaVlB4TsC', 'Active', 1, '2025-09-06 22:46:43'),
(1005, 'bhw_rosa', '$2y$10$xyFRDMQO/5JKZraTfpIFFuCfOwuCUCRUjIFB9M/bbJSn5pnsh7hEm', 'Active', 3, '2025-09-06 22:46:43'),
(1006, 'user_linda', '$2y$10$xLOgcxt8H7neNp4lzD2Kqen1NO79N3b3G32.NZ/Txqrkcb5oAapma', 'Active', 1, '2025-09-06 22:46:43'),
(1007, 'bhw_carlos', '$2y$10$ScXbB0gxOBzZsttaGJ5WauW0lsMGZqfGIweSoGV6vwHESTWkqETjK', 'Active', 3, '2025-09-06 22:46:43'),
(1008, 'user_sofia', '$2y$10$zt86.IUTWqO4bOCM64KuO.UciR/pwHfATJ6zqxjeeOnAf3ti6L5Ae', 'Active', 1, '2025-09-06 22:46:43'),
(1009, 'jcdavid12', '$2y$10$fCsoXJtzOHag1hpe6z8PKug6ZKrcZRViuWOGywf7UZB2jvdQUNVG2', 'Inactive', 3, '2025-09-06 23:45:46');

-- --------------------------------------------------------

--
-- Table structure for table `tbl_user_details`
--

CREATE TABLE `tbl_user_details` (
  `details_id` int(11) NOT NULL,
  `user_id` int(11) DEFAULT NULL,
  `full_name` varchar(100) NOT NULL,
  `address` varchar(100) NOT NULL,
  `contact` varchar(20) NOT NULL
) ENGINE=InnoDB DEFAULT CHARSET=utf8mb4 COLLATE=utf8mb4_general_ci;

--
-- Dumping data for table `tbl_user_details`
--

INSERT INTO `tbl_user_details` (`details_id`, `user_id`, `full_name`, `address`, `contact`) VALUES
(1, 1000, 'System Admin', 'Municipal Health Office', '09565535401'),
(2, 1001, 'Maria Santos', 'Barangay Hall, Poblacion', '09565535401'),
(3, 1002, 'Juan Dela Cruz', 'Zone 1, Minuya Proper, San Jose del Monte', '09565535401'),
(4, 1003, 'Ana Reyes', 'Zone 2, Minuya Proper, San Jose del Monte', '09565535401'),
(5, 1004, 'Pedro Ramirez', 'Blk 5 Lot 12, Minuya Proper, San Jose del Monte', '09565535401'),
(6, 1005, 'Rosa Dizon', 'Zone 3, Minuya Proper, San Jose del Monte', '09565535401'),
(7, 1006, 'Linda Cruz', 'Blk 8 Lot 9, Minuya Proper, San Jose del Monte', '09565535401'),
(8, 1007, 'Carlos Mendoza', 'Zone 4, Minuya Proper, San Jose del Monte', '09565535401'),
(9, 1008, 'Sofia Garcia', 'Blk 2 Lot 7, Minuya Proper, San Jose del Monte', '09565535401'),
(10, 1009, 'Juancarlo David1', 'Loraine Street1\nParkway', '09512847443');

-- --------------------------------------------------------

--
-- Table structure for table `tbl_vaccine_record`
--

CREATE TABLE `tbl_vaccine_record` (
  `vaccine_id` int(11) NOT NULL,
  `child_id` int(11) DEFAULT NULL,
  `administered_by` int(11) DEFAULT NULL,
  `vaccine_name` varchar(100) DEFAULT NULL,
  `vaccine_status` enum('Completed','Ongoing','Incomplete') NOT NULL DEFAULT 'Ongoing',
  `vaccine_date` datetime DEFAULT current_timestamp()
) ENGINE=InnoDB DEFAULT CHARSET=utf8mb4 COLLATE=utf8mb4_general_ci;

--
-- Dumping data for table `tbl_vaccine_record`
--

INSERT INTO `tbl_vaccine_record` (`vaccine_id`, `child_id`, `administered_by`, `vaccine_name`, `vaccine_status`, `vaccine_date`) VALUES
(1, 1, 1002, 'BCG', 'Completed', '2020-03-20 10:00:00'),
(2, 1, 1002, 'Hepatitis B', 'Completed', '2020-04-15 10:30:00'),
(3, 1, 1002, 'DPT-1', 'Completed', '2020-05-15 11:00:00'),
(4, 2, 1002, 'BCG', 'Completed', '2019-08-01 09:00:00'),
(5, 2, 1002, 'Hepatitis B', 'Completed', '2019-09-01 09:30:00'),
(6, 3, 1003, 'BCG', 'Completed', '2021-02-10 10:15:00'),
(7, 3, 1003, 'Hepatitis B', 'Ongoing', '2021-03-10 10:45:00'),
(8, 4, 1005, 'BCG', 'Completed', '2020-12-05 11:30:00'),
(9, 4, 1005, 'DPT-1', 'Completed', '2021-01-05 12:00:00'),
(10, 5, 1005, 'BCG', 'Completed', '2018-10-18 08:30:00'),
(11, 5, 1005, 'Hepatitis B', 'Completed', '2018-11-18 09:00:00'),
(13, 7, 1002, 'BCG', 'Completed', '2020-01-12 10:00:00'),
(14, 8, 1003, 'Hepatitis B', 'Completed', '2020-09-07 15:30:00'),
(15, 9, 1005, 'BCG', 'Incomplete', '2021-03-28 11:15:00'),
(16, 10, 1007, 'DPT-1', 'Completed', '2019-05-14 14:00:00');

--
-- Indexes for dumped tables
--

--
-- Indexes for table `tbl_announcements`
--
ALTER TABLE `tbl_announcements`
  ADD PRIMARY KEY (`announcement_id`),
  ADD KEY `fk_zoneId_anc` (`zone_id`);

--
-- Indexes for table `tbl_audit_log`
--
ALTER TABLE `tbl_audit_log`
  ADD PRIMARY KEY (`log_id`),
  ADD KEY `fk_userid_log` (`user_id`);

--
-- Indexes for table `tbl_barangay`
--
ALTER TABLE `tbl_barangay`
  ADD PRIMARY KEY (`zone_id`);

--
-- Indexes for table `tbl_child`
--
ALTER TABLE `tbl_child`
  ADD PRIMARY KEY (`child_id`),
  ADD KEY `fk_registered_by` (`registered_by`),
  ADD KEY `fk_zone_id` (`zone_id`);

--
-- Indexes for table `tbl_events`
--
ALTER TABLE `tbl_events`
  ADD PRIMARY KEY (`event_id`),
  ADD KEY `fk_zoneId` (`zone_id`);

--
-- Indexes for table `tbl_flagged_record`
--
ALTER TABLE `tbl_flagged_record`
  ADD PRIMARY KEY (`flagged_id`),
  ADD KEY `fk_childid_flagged` (`child_id`);

--
-- Indexes for table `tbl_modules`
--
ALTER TABLE `tbl_modules`
  ADD PRIMARY KEY (`module_id`),
  ADD KEY `fk_userId_module` (`created_by`);

--
-- Indexes for table `tbl_nutrition_status`
--
ALTER TABLE `tbl_nutrition_status`
  ADD PRIMARY KEY (`status_id`);

--
-- Indexes for table `tbl_nutritrion_record`
--
ALTER TABLE `tbl_nutritrion_record`
  ADD PRIMARY KEY (`nutrition_id`),
  ADD KEY `fk_status_id` (`status_id`),
  ADD KEY `fk_childId_nutrition` (`child_id`),
  ADD KEY `fk_userid_nutrition` (`recorded_by`);

--
-- Indexes for table `tbl_report`
--
ALTER TABLE `tbl_report`
  ADD PRIMARY KEY (`report_id`),
  ADD KEY `fk_childId_report` (`child_id`),
  ADD KEY `fk_userId_report` (`generated_by`);

--
-- Indexes for table `tbl_roles`
--
ALTER TABLE `tbl_roles`
  ADD PRIMARY KEY (`role_id`);

--
-- Indexes for table `tbl_user`
--
ALTER TABLE `tbl_user`
  ADD PRIMARY KEY (`user_id`),
  ADD KEY `fk_role_id` (`role_id`);

--
-- Indexes for table `tbl_user_details`
--
ALTER TABLE `tbl_user_details`
  ADD PRIMARY KEY (`details_id`),
  ADD KEY `fk_userId_details` (`user_id`);

--
-- Indexes for table `tbl_vaccine_record`
--
ALTER TABLE `tbl_vaccine_record`
  ADD PRIMARY KEY (`vaccine_id`),
  ADD KEY `fk_childId_vaccine` (`child_id`),
  ADD KEY `fk_userId_vaccine` (`administered_by`);

--
-- AUTO_INCREMENT for dumped tables
--

--
-- AUTO_INCREMENT for table `tbl_announcements`
--
ALTER TABLE `tbl_announcements`
  MODIFY `announcement_id` int(11) NOT NULL AUTO_INCREMENT, AUTO_INCREMENT=9;

--
-- AUTO_INCREMENT for table `tbl_audit_log`
--
ALTER TABLE `tbl_audit_log`
  MODIFY `log_id` int(11) NOT NULL AUTO_INCREMENT, AUTO_INCREMENT=113;

--
-- AUTO_INCREMENT for table `tbl_barangay`
--
ALTER TABLE `tbl_barangay`
  MODIFY `zone_id` int(11) NOT NULL AUTO_INCREMENT, AUTO_INCREMENT=9;

--
-- AUTO_INCREMENT for table `tbl_child`
--
ALTER TABLE `tbl_child`
  MODIFY `child_id` int(11) NOT NULL AUTO_INCREMENT, AUTO_INCREMENT=14;

--
-- AUTO_INCREMENT for table `tbl_events`
--
ALTER TABLE `tbl_events`
  MODIFY `event_id` int(11) NOT NULL AUTO_INCREMENT, AUTO_INCREMENT=16;

--
-- AUTO_INCREMENT for table `tbl_flagged_record`
--
ALTER TABLE `tbl_flagged_record`
  MODIFY `flagged_id` int(11) NOT NULL AUTO_INCREMENT, AUTO_INCREMENT=9;

--
-- AUTO_INCREMENT for table `tbl_modules`
--
ALTER TABLE `tbl_modules`
  MODIFY `module_id` int(11) NOT NULL AUTO_INCREMENT, AUTO_INCREMENT=9;

--
-- AUTO_INCREMENT for table `tbl_nutrition_status`
--
ALTER TABLE `tbl_nutrition_status`
  MODIFY `status_id` int(11) NOT NULL AUTO_INCREMENT, AUTO_INCREMENT=5;

--
-- AUTO_INCREMENT for table `tbl_nutritrion_record`
--
ALTER TABLE `tbl_nutritrion_record`
  MODIFY `nutrition_id` int(11) NOT NULL AUTO_INCREMENT, AUTO_INCREMENT=387;

--
-- AUTO_INCREMENT for table `tbl_report`
--
ALTER TABLE `tbl_report`
  MODIFY `report_id` int(11) NOT NULL AUTO_INCREMENT, AUTO_INCREMENT=10;

--
-- AUTO_INCREMENT for table `tbl_roles`
--
ALTER TABLE `tbl_roles`
  MODIFY `role_id` int(11) NOT NULL AUTO_INCREMENT, AUTO_INCREMENT=4;

--
-- AUTO_INCREMENT for table `tbl_user`
--
ALTER TABLE `tbl_user`
  MODIFY `user_id` int(11) NOT NULL AUTO_INCREMENT, AUTO_INCREMENT=1010;

--
-- AUTO_INCREMENT for table `tbl_user_details`
--
ALTER TABLE `tbl_user_details`
  MODIFY `details_id` int(11) NOT NULL AUTO_INCREMENT, AUTO_INCREMENT=11;

--
-- AUTO_INCREMENT for table `tbl_vaccine_record`
--
ALTER TABLE `tbl_vaccine_record`
  MODIFY `vaccine_id` int(11) NOT NULL AUTO_INCREMENT, AUTO_INCREMENT=19;

--
-- Constraints for dumped tables
--

--
-- Constraints for table `tbl_announcements`
--
ALTER TABLE `tbl_announcements`
  ADD CONSTRAINT `fk_zoneId_anc` FOREIGN KEY (`zone_id`) REFERENCES `tbl_barangay` (`zone_id`) ON DELETE SET NULL;

--
-- Constraints for table `tbl_audit_log`
--
ALTER TABLE `tbl_audit_log`
  ADD CONSTRAINT `fk_userid_log` FOREIGN KEY (`user_id`) REFERENCES `tbl_user` (`user_id`) ON DELETE SET NULL;

--
-- Constraints for table `tbl_child`
--
ALTER TABLE `tbl_child`
  ADD CONSTRAINT `fk_registered_by` FOREIGN KEY (`registered_by`) REFERENCES `tbl_user` (`user_id`) ON DELETE SET NULL,
  ADD CONSTRAINT `fk_zone_id` FOREIGN KEY (`zone_id`) REFERENCES `tbl_barangay` (`zone_id`) ON DELETE SET NULL;

--
-- Constraints for table `tbl_events`
--
ALTER TABLE `tbl_events`
  ADD CONSTRAINT `fk_zoneId` FOREIGN KEY (`zone_id`) REFERENCES `tbl_barangay` (`zone_id`) ON DELETE SET NULL;

--
-- Constraints for table `tbl_flagged_record`
--
ALTER TABLE `tbl_flagged_record`
  ADD CONSTRAINT `fk_childid_flagged` FOREIGN KEY (`child_id`) REFERENCES `tbl_child` (`child_id`) ON DELETE CASCADE;

--
-- Constraints for table `tbl_modules`
--
ALTER TABLE `tbl_modules`
  ADD CONSTRAINT `fk_userId_module` FOREIGN KEY (`created_by`) REFERENCES `tbl_user` (`user_id`) ON DELETE SET NULL ON UPDATE CASCADE;

--
-- Constraints for table `tbl_nutritrion_record`
--
ALTER TABLE `tbl_nutritrion_record`
  ADD CONSTRAINT `fk_childId_nutrition` FOREIGN KEY (`child_id`) REFERENCES `tbl_child` (`child_id`) ON DELETE CASCADE,
  ADD CONSTRAINT `fk_status_id` FOREIGN KEY (`status_id`) REFERENCES `tbl_nutrition_status` (`status_id`) ON DELETE SET NULL,
  ADD CONSTRAINT `fk_userid_nutrition` FOREIGN KEY (`recorded_by`) REFERENCES `tbl_user` (`user_id`) ON DELETE SET NULL;

--
-- Constraints for table `tbl_report`
--
ALTER TABLE `tbl_report`
  ADD CONSTRAINT `fk_childId_report` FOREIGN KEY (`child_id`) REFERENCES `tbl_child` (`child_id`) ON DELETE CASCADE,
  ADD CONSTRAINT `fk_userId_report` FOREIGN KEY (`generated_by`) REFERENCES `tbl_user` (`user_id`) ON DELETE SET NULL;

--
-- Constraints for table `tbl_user`
--
ALTER TABLE `tbl_user`
  ADD CONSTRAINT `fk_role_id` FOREIGN KEY (`role_id`) REFERENCES `tbl_roles` (`role_id`) ON DELETE SET NULL;

--
-- Constraints for table `tbl_user_details`
--
ALTER TABLE `tbl_user_details`
  ADD CONSTRAINT `fk_userId_details` FOREIGN KEY (`user_id`) REFERENCES `tbl_user` (`user_id`) ON DELETE CASCADE;

--
-- Constraints for table `tbl_vaccine_record`
--
ALTER TABLE `tbl_vaccine_record`
  ADD CONSTRAINT `fk_childId_vaccine` FOREIGN KEY (`child_id`) REFERENCES `tbl_child` (`child_id`) ON DELETE CASCADE,
  ADD CONSTRAINT `fk_userId_vaccine` FOREIGN KEY (`administered_by`) REFERENCES `tbl_user` (`user_id`) ON DELETE SET NULL;
COMMIT;

/*!40101 SET CHARACTER_SET_CLIENT=@OLD_CHARACTER_SET_CLIENT */;
/*!40101 SET CHARACTER_SET_RESULTS=@OLD_CHARACTER_SET_RESULTS */;
/*!40101 SET COLLATION_CONNECTION=@OLD_COLLATION_CONNECTION */;
